stress_x,stress_y,stress_z,void_ratio
9975.254327063249,9951.776812801201,9954.581196053872,0.8002275639493611
11682.96803362517,11683.33208042683,11683.946715395523,0.7980298545259621
13680.711387862822,13671.47190027587,13678.216819686088,0.7957157905441002
16030.015860203932,16004.757365439085,16028.98799972614,0.7932333444402232
18745.856314729866,18738.3699557558,18748.130821570678,0.7901084211027584
21970.959812499532,21938.396909803032,21971.812007646025,0.7871353775729644
